Rank,Model,MAE,RMSE,R2 Score
1,Linear Regression,1.6680231796434584,2.264353190132655,0.9914528102832849
2,XGBoost,11.465118710776128,17.896981628021443,0.4660573757084424
3,Random Forest,11.669499520007856,18.18499543018627,0.44873375631092216
4,Decision Tree,12.372048466880754,18.66626969974402,0.4191686086243368
